region,1990,1991,1992,1993,1994,1995,1996,1997,1998,1999,2000,2001,2002,2003,2004,2005,2006,2007,2008,2009,2010,2011,2012,2013,2014,2015,2016,2017,2018,2019,mean,std_dev
AL,1.0,1.0,1.0,1.0,1.0,1.0,1.0,1.0,1.0,1.0,1.0,1.0,1.0,1.0,1.0,1.0,1.0,1.0,1.0,1.0,1.0,1.0,1.0,1.0,1.0,1.0,1.0,1.0,1.0,1.0,1.0,0.0
AT1,0.6230493462673977,0.6254061078622482,0.6211795606494747,0.6126060606060606,0.6134177523438452,0.610603064755314,0.6240547353258912,0.6315293007900011,0.6348695962843873,0.6318389526985303,0.6364622243643813,0.6352498786996604,0.6375138189411621,0.640158063719437,0.6412896898369499,0.6428840597914836,0.6421215242018539,0.6426282051282051,0.63935790725327,0.6424380313734882,0.6417300040650907,0.6376102467545338,0.6399921134674865,0.6524916774020739,0.6399579780002472,0.6371030754845073,0.637362777473193,0.6346723698111263,0.639086450817778,0.6378237741341336,0.6342162782767737,0.009955424763891642
AT2,0.1580556727119359,0.15442928308425383,0.15795128939828082,0.16484848484848486,0.162303664921466,0.1670785961443401,0.15796422998439563,0.15269425775262352,0.15124449208050494,0.15129060145732987,0.14736715266899628,0.14713731198447355,0.14482250337796343,0.14373919486292913,0.14380286870172856,0.13955533224469288,0.13928939237899074,0.1394230769230769,0.139833531510107,0.13710932822416477,0.13515810739230588,0.1377093449608562,0.13610429939249055,0.1258147217509981,0.1349029786182178,0.1325237930548617,0.1321798778544198,0.13616686850988174,0.13315531363134517,0.13561483275158104,0.14464234677258986,0.01087716485335746
AT3,0.21889498102066637,0.22016460905349794,0.22086914995224452,0.22254545454545455,0.2242785827346889,0.22231833910034604,0.2179810346897131,0.21577644145737532,0.21388591163510776,0.21687044584413978,0.2161706229666225,0.2176128093158661,0.2176636776808746,0.216102741417634,0.21490744146132157,0.21756060796382365,0.21858908341915553,0.21794871794871795,0.22080856123662304,0.22045264040234702,0.22311188854260336,0.22468040828461006,0.2239035871400229,0.221693600846928,0.22513904338153506,0.23037313146063096,0.2304573446723872,0.22916076167899202,0.22775823555087685,0.22656139311428536,0.22114137495063635,0.004632531298595705
BE2,0.3745139096619802,0.3721004130918335,0.36307989690721654,0.3894230769230769,0.39993533785968316,0.4001944264419961,0.3896809232858112,0.3882978723404255,0.39900093662191694,0.3885734563520227,0.4136610277689116,0.3947001394700139,0.4262242268041238,0.4341336794289422,0.4407894736842105,0.4438237119801366,0.44218512898330803,0.44663432383262586,0.44175158358578903,0.4397101449275362,0.44041297935103246,0.43425076452599387,0.4441512752858399,0.42492581602373886,0.41942757501052247,0.41702377458174344,0.4140208885053709,0.41343754104820707,0.4194813325864171,0.4075641025641025,0.41410365798115095,0.024279179069532055
BE3,0.6254860903380197,0.6278995869081665,0.6369201030927835,0.6105769230769231,0.6000646621403168,0.5998055735580038,0.6103190767141887,0.6117021276595744,0.6009990633780831,0.6114265436479773,0.5863389722310884,0.605299860529986,0.5737757731958764,0.5658663205710577,0.5592105263157895,0.5561762880198634,0.557814871016692,0.5533656761673742,0.5582484164142109,0.5602898550724638,0.5595870206489675,0.5657492354740061,0.55584872471416,0.5750741839762612,0.5805724249894775,0.5829762254182564,0.5859791114946291,0.586562458951793,0.5805186674135829,0.5924358974358974,0.585896342018849,0.024279179069532048
BG,1.0,1.0,1.0,1.0,1.0,1.0,1.0,1.0,1.0,1.0,1.0,1.0,1.0,1.0,1.0,1.0,1.0,1.0,1.0,1.0,1.0,1.0,1.0,1.0,1.0,1.0,1.0,1.0,1.0,1.0,1.0,0.0
CH,1.0,1.0,1.0,1.0,1.0,1.0,1.0,1.0,1.0,1.0,1.0,1.0,1.0,1.0,1.0,1.0,1.0,1.0,1.0,1.0,1.0,1.0,1.0,1.0,1.0,1.0,1.0,1.0,1.0,1.0,1.0,0.0
CY,1.0,1.0,1.0,1.0,1.0,1.0,1.0,1.0,1.0,1.0,1.0,1.0,1.0,1.0,1.0,1.0,1.0,1.0,1.0,1.0,1.0,1.0,1.0,1.0,1.0,1.0,1.0,1.0,1.0,1.0,1.0,0.0
CZ,1.0,1.0,1.0,1.0,1.0,1.0,1.0,1.0,1.0,1.0,1.0,1.0,1.0,1.0,1.0,1.0,1.0,1.0,1.0,1.0,1.0,1.0,1.0,1.0,1.0,1.0,1.0,1.0,1.0,1.0,1.0,0.0
DE1,0.07759688805647602,0.08110334726756781,0.08077797578811528,0.08388808490110951,0.08581287112822983,0.082868269348706,0.08275028717198991,0.08171184022824536,0.08031717610947693,0.08122700126681548,0.07936507936507936,0.07965519200181777,0.08057029177718832,0.08113881086142322,0.08040099673037869,0.08047053315385967,,0.08237533307955844,0.08117483153734611,0.08038235933087118,0.0803024464544161,0.08090261209537151,0.08015758653462918,0.08157858466438996,0.08024996906323473,0.07864531453528466,0.07774086378737542,0.0756660236276964,0.07695687550854353,0.0744498988409843,0.08035301186952346,0.002331345199142382
DE2,0.1752629304134851,0.18338266255759314,0.181251152215326,0.1859945328831002,0.18990531214893275,0.1828468048571078,0.18185073023734577,0.1807275320970043,0.17679157607537196,0.17448874947216025,0.17347651848999557,0.17339809134287662,0.17441759889286124,0.17720037453183518,0.17995880565197983,0.17551354831158192,,0.17828701941378003,0.17710613858008017,0.17784053877905717,0.177130521058684,0.1806609509443256,0.178495876383481,0.18202422701725904,0.18034587303551539,0.18041529384721477,0.1777092232241734,0.17751064202923972,0.17698942229454842,0.17010398205799782,0.17865815961530737,0.004075249821430009
DE4,0.0843250252125054,0.06857779269520642,0.06944017698027408,0.07104036018652517,0.06713208152784465,0.07603029559671287,0.07485865170885982,0.07821683309557774,0.07946455215927016,0.07884418169753273,0.08056304282719376,0.08094751192910703,0.08131991696459462,0.07594510767790262,0.07868696616590087,0.07910984959325805,,0.0794518462124096,0.07827471496403288,0.07876022883626621,0.07888245306891521,0.07911709021503226,0.07948309163932918,0.08170109802600345,0.0794610815493132,0.08155696881465023,0.08277171333649741,0.08178817977456436,0.08162733930024411,0.08475400323081507,0.07834938465470134,0.00441299339902863
DE7,0.04927243912980839,0.0507124767338968,0.05031340256867203,0.05079594790159189,0.05055368319691863,0.048402428553906536,0.048110632076738324,0.047760342368045654,0.04672379247133052,0.04641973819147011,0.045451304211412025,0.04547261985912293,0.045323492100103786,0.04551439606741573,0.044881674276578284,0.0460437759700357,,0.04651693947468596,0.04512240197890307,0.04526033746107611,0.04611337494197143,0.04705465851894039,0.04512984026734524,0.04698387417877762,0.047441529513674044,0.04655581947743468,0.046211042556557516,0.04642635078041548,0.04707892595606185,0.04934050595191418,0.047137508508096705,0.0018289022892981862
DE8,0.0896700763578735,0.07718243676196869,0.08202236834019541,0.07814761215629522,0.0724763280372332,0.08012388078008097,0.07969209195470887,0.08109843081312411,0.08433871907461882,0.08757615973939797,0.08867781913604014,0.0870256759827312,0.08472206204590012,0.08627399344569288,0.08588877526034541,0.08588400538421023,,0.08359345260753713,0.0853259787893435,0.08516185096676082,0.08483095100112568,0.08793695260670803,0.09163932918416776,0.08390633853504646,0.08699418388813264,0.08695119147958011,0.08788166429362444,0.08944087495814933,0.09054515866558178,0.09135678549583601,0.08504707406006931,0.004446829364985923
DE9,0.1458867598328771,0.15532603057394806,0.15259939777545628,0.15205016883743366,0.15212646445193387,0.1479056788912057,0.14923992660331478,0.14887303851640513,0.15182390473348398,0.14925800808348919,0.148690084000057,0.15049136559872758,0.15207300196055817,0.1504564606741573,0.1494663459461017,0.14712939661731142,,0.1462809288161401,0.1476216200847289,0.14567311173872113,0.14293689828538833,0.13409885018547882,0.1356654505319312,0.13759781926216327,0.13844202450191806,0.14026511378438433,0.14053156146179405,0.141973438770467,0.1403091944670464,0.14008563228305704,0.14603026473343722,0.005681225733047187
DEA,0.10288142918887769,0.10676471485674181,0.10597308424998464,0.10588519054510372,0.10452575830524795,0.09977922237213295,0.09913027911625617,0.09760342368045649,0.09781017748788563,0.09561440550159861,0.09345541151471069,0.09362928879800045,0.09367431668780991,0.09661750936329587,0.09575525371973441,0.09647685374846375,,0.09644461362771223,0.09591709078502177,0.09852994423926426,0.09783086907843037,0.09624886480828729,0.09380077873501547,0.09693869737668263,0.09712597450810541,0.09629913416596429,0.09547539946211044,0.09607321078392297,0.09350691619202606,0.09167045686234532,0.09763580240555822,0.003991449972535976
DEB,0.043336695000720356,0.04328258017270314,0.04241688686781786,0.04282038913008523,0.04103675172524474,0.039540659879798844,0.03917473483209762,0.03887303851640513,0.03750124340992739,0.037461543101888164,0.0366377158829989,0.03615655532833447,0.0361838311613424,0.035931647940074904,0.03585060567214485,0.03569965470825774,,0.03585839360487248,0.03630832219726479,0.03573032080527193,0.03659517141565452,0.036849477427001405,0.03660667749946347,0.037611602015344796,0.037820195520356384,0.037023982836564245,0.036544850498338874,0.03658944884651564,0.03690805532953621,0.03626040996847602,0.03788315314808629,0.0024131581526871237
DEC,0.004264515199538971,0.004424373722271381,0.004301603883733792,0.004309374497507638,0.004124538597335901,0.003970930945664173,0.003908522667939672,0.00383737517831669,0.003808386977590201,0.0036496350364963507,0.003551105976981987,0.003394114973869575,0.00361838311613424,0.003525866104868914,0.0034856756017111502,0.0033943933984900802,,0.00348686714883898,0.0035967132012169117,0.0034325439930480124,0.0033997918556704166,0.003370942170640479,0.0034184627648158935,0.0034610024655814023,0.003418512560326692,0.003463336142824305,0.0034013605442176874,0.0033639972577842263,0.003173311635475997,0.0031680808017440125,0.0036456454627805416,0.0003522065962088726
DED,0.05115977524852327,0.052512739145027916,0.052126221348245565,0.052307444926837116,0.05655593002728294,0.05770881883969091,0.05704652932137902,0.0569472182596291,0.056884227877961095,0.06005308560053086,0.06105335215847345,0.060455010224948875,0.059638450005766334,0.058857092696629205,0.059112449047200664,0.060279744835254875,,0.060768937952036556,0.06064655540075631,0.061206459555362455,0.06215505235467066,0.06240091123185618,0.06139436490173835,0.0611188532749353,0.06125479519861402,0.06111409087426251,0.06078152191109002,0.06044034883535546,0.06165988608624899,0.06108749862768777,0.05892163330234467,0.003239096500978068
DEE,0.0805791672669644,0.07887590394532083,0.07670681496958152,0.07623412124135713,0.0792810142834216,0.08274561511100209,0.08410782748795369,0.08599144079885877,0.08479345184806243,0.08523858357965858,0.08638172250032088,0.08635821404226313,0.08661054088340443,0.08532303370786516,0.08580235355121209,0.08605957745654592,,0.08487247811191474,0.08514116743908333,0.08681294807734087,0.08817461063963422,0.08784459802669049,0.0872244535058405,0.08796459363849368,0.086932310357629,0.08630756263887826,0.08723303274798293,0.08728855443776606,0.0861838893409276,0.09138815263248695,0.08498130118167106,0.0035033110464927904
DEF,0.044849445324881144,0.04616605132273518,0.04777852885147176,0.04283646888567293,0.04434280211844006,0.04271433828038759,0.04394850297614608,0.04407988587731812,0.0444643390032826,0.04439886589853412,0.04613585476119168,0.04707736877982277,0.04660650444008764,0.047957631086142316,0.045947542022556076,0.048428629952595545,,0.046288542063189955,0.04921668420005118,0.04546310377290173,0.04432776360144306,0.04523835177859529,0.05074041144188613,0.04283373405412027,0.044394258136369255,0.04632595203432687,0.04804619522227496,0.04757425505795322,0.04709519934906428,0.0469252364297925,0.04593801540424945,0.0019824927508945746
DEG,0.05091485376746866,0.05168889024501876,0.05429238616112579,0.0536903039073806,0.052126464451933884,0.055363056543603587,0.05618128384527024,0.05427960057061341,0.05527845277173836,0.05577004283042771,0.05656098917554443,0.05593899113837764,0.055241609964248636,0.055258075842696625,0.054762556354156174,0.05551003687013519,,0.055774647887323954,0.05454778084217111,0.055746252444058224,0.05732009624399614,0.058275739991072405,0.056243676610356556,0.05627957549120201,0.05611929216681103,0.05507623936863075,0.05567157095396298,0.05586467484017028,0.05796582587469488,0.05940935681686297,0.05541904565417423,0.0018014280958647973
DK,1.0,1.0,1.0,1.0,1.0,1.0,1.0,1.0,1.0,1.0,1.0,1.0,1.0,1.0,1.0,1.0,1.0,1.0,1.0,1.0,1.0,1.0,1.0,1.0,1.0,1.0,1.0,1.0,1.0,1.0,1.0,0.0
EE,1.0,1.0,1.0,1.0,1.0,1.0,1.0,1.0,1.0,1.0,1.0,1.0,1.0,1.0,1.0,1.0,1.0,1.0,1.0,1.0,1.0,1.0,1.0,1.0,1.0,1.0,1.0,1.0,1.0,1.0,1.0,0.0
EL,1.0,1.0,1.0,1.0,1.0,1.0,1.0,1.0,1.0,1.0,1.0,1.0,1.0,1.0,1.0,1.0,1.0,1.0,1.0,1.0,1.0,1.0,1.0,1.0,1.0,1.0,1.0,1.0,1.0,1.0,1.0,0.0
ES11,0.02826340326340326,0.027113032989875916,0.02524051453896876,0.02564461883408072,0.025407005426739022,0.025782441036678323,0.020295039318867142,0.012338080583983398,0.00999969834997436,0.010005077203356926,0.008566600543677905,0.008128312326127162,0.007727860422951744,0.007953876571532063,0.008088335529604217,0.007718202219930855,0.007567224557785358,,,,0.006384046342711506,0.006529549491361215,0.006701639259220834,0.006595567102275175,0.006405848446149995,0.006582516371527105,0.006289035948341092,0.006297801008113803,0.006042441471627409,0.0057181596765958865,0.012199478845757821,0.008166721745051978
ES12,0.000437062937062937,0.00038494604339625057,0.0003783374770295103,0.0003581215744892875,0.00035458806117414894,0.0003288195378590859,0.0003251936380299178,0.0003005796894009876,0.00030165002564025217,0.0002837260699459427,0.000279185952538388,0.000264209004864554,0.00020805778061793159,0.00019620568392773592,0.00016661365323154757,0.0001364711590950446,0.00011104941699056079,,,,5.961755339497126e-05,6.223424296248452e-05,6.322301187944182e-05,5.5854064500273684e-05,7.288375674570858e-05,7.265470608749564e-05,7.374347530555449e-05,7.982425360165369e-05,8.961599545945624e-05,8.369671657780865e-05,0.00020474686969662717,0.00012715888357880164
ES13,0.00030461962280144096,0.00028229376515725047,0.0002837531077721327,0.0003269805680119582,0.00020041933892451898,0.00019430245418945984,0.00020694140601903858,0.0002003864596006584,0.00019607251666616392,0.00019412836364722397,0.0001910219675262655,0.00017095876785353496,0.00019319651057379364,0.00018111293901021776,0.00018176034897987006,0.00018196154546005946,0.0004917902752439122,,,,0.00019044496223393596,0.00022370687335163358,0.0003906857913575764,0.00021384127551533354,3.9610737361798134e-05,0.00018082949070665584,0.000248483449399151,0.00016463752305341073,0.0001543386588468413,0.0001673934331556173,0.0002205804500896094,8.47451369617497e-05
ES21,0.006132125450307268,0.005889674463962633,0.006580369689763269,0.00666417538614848,0.006875925012333498,0.006845424924520969,0.0070655708626500315,0.007199599227080798,0.007465838134596242,0.006973688140250276,0.007023730805965762,0.007211351662185474,0.006925351840568294,0.006852106192553238,0.007043213522969965,0.006884211803238916,0.007138891092250337,,,,0.007826459926239837,0.007939070994133162,0.007721312963635421,0.007517957081736838,0.007505442515313511,0.00709755751023624,0.007265335436625499,0.007493501806855241,0.007175917858642384,0.007415529088793846,0.007101086421983609,0.00046174319167653524
ES22,0.02826340326340326,0.029255899298115045,0.03090206464166036,0.030720602889885405,0.0319591761223483,0.032059904941260875,0.03076036185182995,0.03144636083876046,0.03295526530119755,0.03159812442134814,0.031004334729263092,0.02931165783379699,0.029856291518673184,0.031241981979262565,0.030566032020114816,0.03049372232668163,0.031125565162211467,,,,0.032907233430874275,0.03314562140050595,0.032948915806401406,0.031854370899713234,0.03161887499168174,0.030690962400382323,0.03089370679594219,0.031681913653439676,0.03159295751040127,0.031588814770796544,0.031201634103701914,0.0011619248510888272
ES23,0.00913858868404323,0.008853758998113763,0.009093611501459301,0.010183109118086698,0.01019055254070054,0.009371356828983948,0.008913261987820019,0.008759750948257353,0.009230490784591717,0.008914971776722515,0.008919256483726396,0.008687813748193276,0.008381756304893816,0.008693421072490453,0.008239802487087442,0.008400558015406078,0.008471484096137067,,,,0.008558430998478096,0.00872961408041337,0.008535106603724646,0.008799408904414547,0.008464022359469026,0.00826003280763617,0.008169494568632732,0.008426447770824567,0.008188246696239946,0.008364649854786197,0.008775518519308629,0.0005191261020538844
ES24,0.11570247933884296,0.11676696649686268,0.11559561128526645,0.11869394618834081,0.11436235816477551,0.11540071144590919,0.11458641281854194,0.11960208974450727,0.12910621097402794,0.11832870411850789,0.12162221732422304,0.12363427257044278,0.12123824102007756,0.1259036781019364,0.12589933506005666,0.12144416813246801,0.12247164273816134,,,,0.1304846079069436,0.13671181172291297,0.13011133734502256,0.13415348377758593,0.13628470296700268,0.14157657483111816,0.14199787105793032,0.14722752074183337,0.1457803312804632,0.14764602984624914,0.12712345618518558,0.010777421821095074
ES30,0.014184678957406228,0.012433757201698894,0.015201059344935682,0.015025535625311412,0.014723112974839664,0.014273757211610318,0.01461893218234494,0.014112932083303513,0.013438508642273235,0.013021533315413792,0.0125192858717214,0.012433364934802541,0.01171068079478072,0.011757248290746638,0.011208554853758653,0.01103900042457694,0.011025620686919965,,,,0.014647701660514467,0.012012890898326068,0.01285210354308243,0.013508704456994765,0.013126998361699902,0.013100450782087547,0.013228938222205123,0.013106144638221516,0.013138700667639166,0.014882950141865935,0.013197523954410427,0.0012495925228513647
ES41,0.323479550752278,0.32175073460536613,0.31397956977624036,0.323134653712008,0.325789343857918,0.3444534122500224,0.3391326198782002,0.34112932083303515,0.3439564417362976,0.3480870889705223,0.34849753875541833,0.32841179304664064,0.3482441409442851,0.3305462064385649,0.3368625134426925,0.34733426335901013,0.33827238835567547,,,,0.32801909086543163,0.33632225900209917,0.32643500025937644,0.3250291638008212,0.32657785411206985,0.32123228839720486,0.32285053800674596,0.31930200342246484,0.3279215229408651,0.3211560190493727,0.33177434520631954,0.01037192735914957
ES42,0.2262661580843399,0.22242182387435358,0.22950221597665116,0.21594730941704038,0.21275283670448938,0.20720114787911395,0.20318689765269315,0.20478064839333,0.20961660281741124,0.21019621897679416,0.21331276173683048,0.2142579612389848,0.21034641620472885,0.21143426354951175,0.21320488935338755,0.20884636380178323,0.21212025065439832,,,,0.223817543789921,0.22555371656170947,0.23005881361207656,0.228484615396891,0.2242094489037332,0.2243157541235582,0.22617925435727754,0.22553843953562241,0.21951106176699509,0.22534838758275513,0.21771895562764376,0.008263648833531935
ES43,0.04477908455181182,0.04460241489484557,0.04234677332180305,0.03897296960637768,0.04648186975826344,0.0449287059456551,0.05053804765564949,0.05371788449151936,0.04548882386655003,0.05253412179314876,0.0548233046800382,0.056416393391666535,0.05662143886816567,0.0580466969527748,0.0553914663516154,0.05625644447140172,0.05914174664868724,,,,0.04903874975366358,0.04746454330157705,0.04551246303885459,0.04594714928833943,0.04697516565210365,0.04610183283605224,0.045030010388211306,0.04317660617207781,0.04651070164345778,0.045353576779182954,0.04897033281864794,0.005494782083336737
ES51,0.05170586988768806,0.04874700062874519,0.05030537239217382,0.054699177877429006,0.054560310804144044,0.05189370161121573,0.05306568911488204,0.050554641093537536,0.053014992006274325,0.05132455275811605,0.051811035192124016,0.05509534836734377,0.05296556643730772,0.05362452269194198,0.05413429060450463,0.05366349244859587,0.05503291822003648,,,,0.05964239404221916,0.059712915119220625,0.05667537739274783,0.056581763169191536,0.056546704228208546,0.056949987729427415,0.05615886268323651,0.05656379870318848,0.0548748612196737,0.05549929276274492,0.054274238488367384,0.0026798434997083098
ES52,0.0073241152786607325,0.006646735015975259,0.0066884661117717,0.007302566018933732,0.0072613468179575725,0.006666068812961468,0.007642050493703068,0.007743505331711157,0.008114385689722784,0.00737687781859451,0.006700462860921313,0.0073356853115335,0.006657848979773811,0.006716271488295575,0.006513079171778677,0.0064747983259537826,0.00672642182914254,,,,0.006892451589718621,0.007193942085149901,0.006946425792395082,0.00716687439059226,0.007169543462485463,0.007570620374317045,0.007028073820425021,0.007039501364495835,0.006825751654161916,0.006983654031252354,0.007063241626754988,0.00040639936983794043
ES53,0.005893727484636575,0.005633043768365134,0.0063506647929953515,0.007613976083707025,0.007554267390231869,0.003646907601709861,0.004981375273458286,0.004895154941673228,0.00520346294229435,0.004927873846429531,0.0035265594004849016,0.0048645540307414945,0.004428658473153115,0.011213909473715982,0.006331318822798806,0.006095711772911992,0.0062029031490441824,,,,0.005133733764566969,0.005012379568329835,0.00486817191471702,0.007379119835693301,0.007736769221506411,0.00643882150837628,0.006991202082772242,0.0068050176195409776,0.0071078760843120556,0.0069518492789527875,0.006066259634337761,0.0015671286488968628
ES61,0.12096047891502436,0.13251125967176933,0.1324856772240839,0.12686846038863975,0.13338677849037986,0.12566884883269064,0.13049133802400517,0.12886280684176626,0.12136888781635548,0.12410775617477525,0.11910954375137756,0.13434250812054147,0.12510217123155343,0.1260546055511116,0.1263234425410097,0.1255686298295627,0.12443880383913698,,,,0.11820007982127982,0.10461071640023684,0.12220359755148623,0.11819039214340771,0.12028196507283621,0.12095394014543856,0.11936183037718186,0.11854234260902248,0.11733223138850027,0.11478837285213302,0.12341175798538172,0.006536393677944874
ES62,0.01716465352828989,0.016706658283397274,0.015065938817425142,0.017843796711509718,0.008140108534780463,0.011284488685618628,0.014190267841305504,0.014356258498532884,0.010542668396126815,0.012125556252426605,0.012093159944162808,0.00943381564428143,0.009392322667895197,0.009583893022624024,0.009845352236409628,0.009462000363923091,0.009661299278178789,,,,0.008197413591808549,0.008775028257710319,0.007975826114021891,0.00852173441232747,0.006984165211632247,0.008875175985843633,0.008233619329767997,0.008554499177643888,0.007753443162714435,0.008051624134785194,0.010696843262412726,0.003149874423081513
FI,1.0,1.0,1.0,1.0,1.0,1.0,1.0,1.0,1.0,1.0,1.0,1.0,1.0,1.0,1.0,1.0,1.0,1.0,1.0,1.0,1.0,1.0,1.0,1.0,1.0,1.0,1.0,1.0,1.0,1.0,1.0,0.0
FR10,0.04203082702613116,0.04152279192998457,0.04041651011754603,0.03849185342038704,0.03886077352148055,0.0394382594775522,0.04025095645837129,0.03950895543617406,0.038990976030764526,0.03917798613388827,0.04001146018137941,0.04020145495243424,0.03902146180399219,0.04046249231972295,0.03858166648839447,0.038110703037304246,0.038637092050440414,0.03827400191949166,0.03854234646817932,0.03845369994926197,0.03765313274194405,0.03876813366597638,0.0382614316066111,0.038553771782611906,0.03817910838018041,0.03826627247956972,0.03812947375049855,0.03862364965004412,0.03929152442411785,0.04058698031333438,0.03917665825059229,0.0010669323875082295
FRB0,0.14673222473896472,0.14539492257910394,0.13812463099135852,0.13208634786189047,0.13270042973415586,0.1337044313468675,0.13683047914009838,0.1367440944451131,0.13492254244324514,0.13319836682990827,0.13510892682013023,0.13641857862339113,0.13666087776848693,0.13821147293749653,0.13526580382928652,0.13503852483135168,0.13557242796989488,0.1350274134298227,0.13297358539897886,0.13363528480172893,0.13183308652995168,0.13114180268614697,0.13125869262865095,0.13196964419534954,0.1324209700614459,0.13132149032777152,0.131677826990491,0.13374140102288207,0.13196832026965985,0.13769700505474194,0.13497938687627886,0.003711028118026039
FRC1,0.06788575216838849,0.06669272699632983,0.06547152595137139,0.06532556908417152,0.06480489576791891,0.06604574450023042,0.06592730916378212,0.06534131317220479,0.06537461489719668,0.06430889987219653,0.06510264575918191,0.06570789031897033,0.06538238888531549,0.06467072557671898,0.06507647876778264,0.0648655717695267,0.06506194533779826,0.06403931648446204,0.06337055662709853,0.06375584601961164,0.06368285530750041,0.06359569738179487,0.06270105036818349,0.06409127851134122,0.06243639691462936,0.06408601432389364,0.06415961712042655,0.06555033453554815,0.0652679313966626,0.06726170958442099,0.06490148675215529,0.0012218919557086172
FRC2,0.013612507596265403,0.013692531543857361,0.01393376630347271,0.01515204987941886,0.014394247226429265,0.014710519294671225,0.014779559118236476,0.014967668523036864,0.014912491533200779,0.014465543956478958,0.01527289556909718,0.015187465025181864,0.01510473617632555,0.014924872926325196,0.015424109530431059,0.01533364574592138,0.01517412110562205,0.015554501428587185,0.0155692487106035,0.015460240697849686,0.015584902349272104,0.015621178273843494,0.015302226166198796,0.01545549539279947,0.014916459667930445,0.014305109578934298,0.014056760217468883,0.014491900041977574,0.014171057732343608,0.014300831669001698,0.01486108809935943,0.0005913434687373866
FRD1,0.02397657587978565,0.024887614828327572,0.02496913745907359,0.026692547497206048,0.0273724649994459,0.027274491256154644,0.025926853707414828,0.02635753908771623,0.02682063495531715,0.028071524706787154,0.027427299474374375,0.02636821488528259,0.027239981990094548,0.027749539183377088,0.028409455556744033,0.02961017447879772,0.029795652221964345,0.02998819622941234,0.029711886933596724,0.029920581173428558,0.030173202894044984,0.030455318755741086,0.030962823280459403,0.0304919624668841,0.03143417440188259,0.031519662220756604,0.03228027456495729,0.03158812291718425,0.032308156172102524,0.03204459415148895,0.02872762194432676,0.0023955604929740163
FRD2,0.033666648251477825,0.03328121267400699,0.03308464387311471,0.03199811775777896,0.03363993449324615,0.034199228698246376,0.03288394971761705,0.0336444303423526,0.03297135490637359,0.03419025752966058,0.03501966963823293,0.034090654728595404,0.034154499260307454,0.03505557727755125,0.033661354155524646,0.03448163122963415,0.03495684272183725,0.034773687519994705,0.03550963195524489,0.035936965950319186,0.03548877360565117,0.035995021225017805,0.035503255202778236,0.03529759454524345,0.0357233625310498,0.03589321884793151,0.03603350196267764,0.03575268356620891,0.0365193823534934,0.03621039139118251,0.0346539159304117,0.0011816530501076146
FRE1,0.04298105077067566,0.04261949746997632,0.04166174655144653,0.03999764719722369,0.04099097435139694,0.04100269227970603,0.04028511568591729,0.03988095889361796,0.04028011449297529,0.03886130495266747,0.03905277193137115,0.037627308337996636,0.03708110889560686,0.03888733731776797,0.03835704353406781,0.03817609171852353,0.03910126764143541,0.03925691403104281,0.04016193844720451,0.040429086694109086,0.04028871120971211,0.04089770139307864,0.04023567156155875,0.038309954297415114,0.03859328016734213,0.038982154094039295,0.03856084300678016,0.03779694848752238,0.03879784015895087,0.03804364026589561,0.039573290527900803,0.001431173205334689
FRE2,0.07367548754212476,0.07317523400004342,0.07169770812087382,0.06905476148461855,0.07147870414835063,0.07260666036042591,0.07365868099836036,0.07379892118997342,0.07363384097712326,0.074261736996279,0.07524049851789,0.07526580861779517,0.07361548851868528,0.07641177456292242,0.07320569044817626,0.07265772294815769,0.07469911475083717,0.07477743825083563,0.07633351766870057,0.07528548106664516,0.07397493546461685,0.07570346937999033,0.0746318165140746,0.074272505620468,0.07383762583344226,0.07456021806213142,0.07416612439387897,0.07335366532738223,0.07510296133248365,0.07499925477688019,0.07397122826247222,0.0015003464742675673
FRF1,0.018595657698469704,0.018709145004017633,0.019097203585422152,0.020139991765190282,0.02051395712509081,0.020410390744378955,0.020700491892876663,0.020854076173178554,0.020713614613149214,0.020539036610606555,0.020088375629483523,0.02027979854504756,0.01981089599279604,0.019549796123554713,0.01980960530538025,0.019954445885417234,0.01971641081750163,0.020007942724133743,0.01973495133442551,0.02021985067307509,0.0205928264168807,0.020592343774628905,0.020267157009138465,0.019887485091246847,0.019878154007059744,0.01916392123632546,0.01946094586368312,0.01945639044282055,0.019786025974198092,0.01901809401734879,0.01991829940255088,0.0005983759826810534
FRF2,0.07283575493066684,0.07355528047429799,0.07314690569480974,0.07279571789894712,0.07469247534261755,0.07551723301559582,0.07604982692658044,0.07620600238519865,0.0755238490615509,0.07596955336643406,0.07677219583686873,0.07805260212646892,0.075684483608842,0.07888063453052561,0.07664990908118514,0.07730031931472661,0.07821358708265641,0.07841233769815441,0.0790404462230098,0.07873418151479578,0.07802308866397946,0.0795712600757687,0.07845763970067494,0.07856200458081337,0.07738423323310235,0.07919257737208833,0.07769474590146729,0.07913950260860626,0.08074443611206522,0.08093336001941838,0.07712453814606389,0.0022172495993635485
FRF3,0.039787857024473794,0.03837383542901817,0.03965433954162418,0.040279983530380564,0.041151047246130536,0.04261563462611268,0.041685644015303336,0.042835103996848915,0.04301134004850657,0.04226562765079113,0.04322912649175198,0.04367095691102405,0.04295576852983426,0.04465173434619896,0.04336292651620493,0.04405017491472226,0.04422930274195152,0.044759456805921735,0.04410768367220952,0.04510377945300576,0.045593449293008514,0.04521988683614069,0.04413508878213607,0.047128547755507004,0.04384154791476009,0.045037928159297226,0.046205839753143435,0.05110769388926488,0.04666475966853574,0.047002286770373325,0.043790611743806065,0.002576125877018807
FRG0,0.05699132644605271,0.05994961669598453,0.06246578283505986,0.06740779954120346,0.06747688178001059,0.06062480292997646,0.062454454363272,0.0640174185148309,0.06423842506609566,0.06582444552518181,0.06284366769881762,0.060492445439283705,0.06734418215732939,0.0651846059319667,0.06818911113488073,0.06736123976939593,0.06666445630670954,0.06863947754525697,0.07035212896973822,0.07056726823438002,0.07001669308022537,0.07056706942564722,0.07352577284401479,0.070407312413582,0.07594509086155052,0.07507051851326207,0.07437393732026282,0.07389123525430699,0.07453969740578305,0.07208223856508351,0.0676503034189715,0.0050323412520699865
FRH0,0.04947792939616597,0.05066562425348013,0.05727014116257851,0.06143168048938298,0.06097545959390737,0.05987290499405757,0.057444434323191844,0.06023173627143123,0.06008696222168812,0.06125518848185303,0.060309204509140596,0.060111919418019015,0.059775733796445185,0.05890632854828799,0.06103326558990265,0.06303468869538682,0.06109434921476961,0.06134871868415536,0.06134113836254167,0.06294807099928458,0.06220961785737112,0.062208597626928874,0.060748142017287135,0.06081188056109686,0.06117296378611582,0.061291362773529916,0.061741430340687256,0.06145645041078052,0.06200983613437489,0.06220696762324925,0.06014909093790306,0.0030458532701048507
FRI1,0.06128943152312029,0.05951527786826503,0.059685470452471696,0.06126698429504146,0.059226971051432646,0.05850251036891507,0.058241482965931866,0.057616770791163834,0.05750868529726659,0.056176979540133676,0.05565901552634189,0.05575825405707889,0.05415835852576059,0.0531195888957158,0.053663493421756324,0.05204939025054763,0.05213133958865201,0.05174022879458129,0.05136420276337045,0.0497986400507805,0.04955277494023098,0.0490583266750371,0.050099405274879064,0.05056521326113803,0.04964622826513269,0.049221557011204696,0.04876361804403955,0.04640449245688732,0.046947496070957995,0.04618679975641849,0.05349729959280845,0.004584364734811272
FRI2,0.01006574222418651,0.010000651508241577,0.010219526595459183,0.010611140521145816,0.010971149939049164,0.010138494748841832,0.009769539078156312,0.009103143429215402,0.009023969235475342,0.00898017349604714,0.008595136034556855,0.008494683827644095,0.008511824360541155,0.008613081606434675,0.008268263985452988,0.008358853082531415,0.008366212437695478,0.008126951207404382,0.008159174454230703,0.008720998116960728,0.008540444159425958,0.008335643354476823,0.008908077851822146,0.009329449141361367,0.009555235978559286,0.009483866052914713,0.01006633220680535,0.010090680122334638,0.009486027189081073,0.009625088894472146,0.009217318494684145,0.0007999308833355462
FRI3,0.07039390088945363,0.07307750776380653,0.07469271644034138,0.07430151167578378,0.07333801238717938,0.0729098450120061,0.07402304609218438,0.07432410254165892,0.07510870277711015,0.07524571066650078,0.07490991636271474,0.0758030218242865,0.07897557942582706,0.07876892140981959,0.0786394266766499,0.07791061367277324,0.07788203308908856,0.07805822458052487,0.07751319485009177,0.07844334004886987,0.07943674665840499,0.07910273343443074,0.08005004394310436,0.08071941990437288,0.08212419924173094,0.08248396310392075,0.08202313230756314,0.08100814707570526,0.0796333704056715,0.08133684510856835,0.0774079309790048,0.0031997751420914187
FRJ1,0.013015855477597925,0.01314960800920798,0.01381568353818904,0.0132580436444915,0.013138290667750236,0.013837347498120253,0.013538440517398434,0.013118592513977486,0.013383005222103263,0.014092312564325863,0.012848626431145246,0.012982652490207048,0.013089341995240238,0.01315980561916997,0.012856990052412021,0.013873298532024106,0.012333808560724111,0.012541782038411895,0.012859207551594014,0.012024277832148387,0.012720755424167812,0.012158864230545546,0.011923300084473155,0.011876339149066422,0.011781932278729245,0.011144168747697648,0.011374084258695608,0.010627179192831258,0.01067109031329623,0.009362131593627702,0.012551893867645655,0.0010927207655421
FRJ2,0.08561957902878295,0.08534757964688253,0.08542751328431111,0.08243044526792542,0.07773386034255599,0.0799316015426035,0.07979595554745855,0.07736577787017081,0.07908536718596369,0.07801667100218283,0.0796262217765485,0.07992165640738667,0.07865397397139855,0.07337317767971847,0.07808321745641243,0.07646116457241252,0.07668843871224428,0.07624132643493033,0.07439436494045067,0.07126571233868384,0.07408109522205264,0.0717334942195118,0.07433317405735643,0.07401918875273107,0.07344437181330891,0.07307523331374921,0.07231050189970403,0.07082537330055085,0.07175651094443898,0.06981143725860092,0.07669513285970096,0.0043821224812734035
FRK1,0.025004143417490753,0.02417095576259039,0.023723901025173102,0.02489265337333098,0.025451590262642675,0.025346236872104584,0.0250159409728548,0.024705406085538915,0.024865077457556756,0.024938643021138466,0.02446307948296951,0.02509233351986569,0.02403464762762376,0.023884265206948557,0.024130923093378966,0.02425920073235323,0.023993457334526923,0.023593200145616607,0.023776149770237894,0.024494371050022612,0.024695142757792183,0.024604714617270262,0.024423620058533928,0.0248292749860148,0.025000915152307485,0.02509029396019239,0.02516425617666198,0.02485136512777459,0.024871967900582808,0.023824783140072133,0.024573083669705585,0.0005213054619656496
FRK2,0.039003369979559145,0.0389601928464395,0.03846277709194355,0.03915063819775307,0.03775257655794023,0.03800722792209366,0.037996447440335215,0.03715658063174941,0.03722114187078026,0.03737968942624156,0.036375056474451516,0.036855064353665354,0.03682382453206406,0.03374853376529074,0.03588619103647448,0.0355169520156061,0.03482422112441011,0.03423534732870742,0.0347283681754845,0.03499756924468259,0.03524612273151223,0.03447421201102288,0.03437694650886969,0.03386002132083637,0.03331363576938161,0.03207796639530649,0.0329372992716052,0.03167057886215079,0.031536153260801135,0.030464721137508567,0.03550131424282225,0.0024034129637123232
FRL0,0.013093199270758525,0.012997589419506156,0.012752938650636038,0.012952179283571555,0.013052097570585989,0.013049067404011737,0.0125022772818364,0.012013523419805903,0.012126641466558875,0.012565456869154121,0.01183484115527444,0.011426972579742583,0.011760039450269075,0.011595821929285594,0.011263236709808533,0.011399426759227978,0.010664986793099254,0.010429238050061225,0.01030687169739672,0.009682685591883613,0.010476234838382602,0.010052124947684815,0.009758142273266381,0.00942233199286491,0.009224735259511046,0.008575969544768169,0.008657822372425954,0.008408364673731463,0.007771937749396148,0.006852858888808451,0.010888987129777143,0.0017523120935513754
FRM0,0.00026517871940776754,0.0002606032966317023,0.00022543073372336433,0.00028233633315687313,0.00028320589068252613,0.00025467510732736666,0.00023911459282200767,0.00020788428504217864,0.00019664823999825202,0.00021489080154268972,0.00020936869827766698,0.00019026301063234467,0.00016080272721425353,0.00018991230520024575,0.00018183762969301525,0.00019616604365784284,0.0001989323961407115,0.00017429866849055144,0.00014940502561154898,0.00012206849847255158,0.00013540785387217716,0.0001424060093161794,0.00013652226592830878,0.00013932427725531175,0.00014537848084716953,0.00015653388071492152,0.00016163227607632403,0.00016384103350495594,0.00015351703100270918,0.00014798001950355361,0.00018951887105823572,4.6597531361330846e-05
HR,1.0,1.0,1.0,1.0,1.0,1.0,1.0,1.0,1.0,1.0,1.0,1.0,1.0,1.0,1.0,1.0,1.0,1.0,1.0,1.0,1.0,1.0,1.0,1.0,1.0,1.0,1.0,1.0,1.0,1.0,1.0,0.0
HU1,,,,,,0.05910810417576023,0.07068295984894367,0.06700715015321758,0.06870282852507584,0.06643356643356645,0.06055193029783821,0.06007204751241359,0.05734208922889446,0.05561715988634001,0.054169304061032084,0.05583583310608127,0.057851530845928895,0.057540687160940324,0.057389450519221515,0.05766828591256072,0.061463343198914784,0.059013564791299405,0.05945742111866102,0.05779675818441287,0.060363615711719894,0.06581137334998943,0.06347691252785613,0.06650771061676612,0.06659712749739227,0.06622872134881734,0.06130757904054577,0.004646547708660855
HU2,,,,,,0.4078277317037684,0.39271081976557765,0.39867211440245154,0.40541017140438745,0.42499167499167506,0.42331668550180457,0.4022328238081329,0.4118543091192201,0.41797768383117334,0.41120031981876937,0.41818925552222524,0.42155515625550505,0.42401446654611213,0.4068495976892924,0.41027064538514924,0.4415541373782217,0.4360938480384834,0.4229497378478139,0.4143680731573977,0.4165998168433158,0.4163457154401326,0.42251710327416664,0.42007257051074,0.41348919116373933,0.40352254469279425,0.41538344776368197,0.011041267073021773
HU3,,,,,,0.5330641641204714,0.5366062203854787,0.5343207354443309,0.5258870000705368,0.5085747585747586,0.5161313842003573,0.5376951286794535,0.5308036016518854,0.5264051562824866,0.5346303761201986,0.5259749113716935,0.520593312898566,0.5184448462929475,0.5357609517914862,0.5320610687022901,0.4969825194228634,0.5048925871702172,0.517592841033525,0.5278351686581894,0.5230365674449642,0.517842911209878,0.5140059841979772,0.5134197188724939,0.5199136813388683,0.5302487339583885,0.5233089731957723,0.010603800450733798
IE04,,,,,,,,,,,,,,,,,,,,,,,,0.04082164982067166,0.039197096995652034,0.03807106598984772,0.03417157125022293,0.033864615158096224,0.031458349298796845,0.03243831095777394,0.03571752278158019,0.00361514722881164
IE05,,,,,,,,,,,,,,,,,,,,,,,,0.5242256276491685,0.5142698355618033,0.5155714089724243,0.5121098626716604,0.5093679832149299,0.5069353973484558,0.5043501087527188,0.5124043177387373,0.0065490380385445565
IE06,,,,,,,,,,,,,,,,,,,,,,,,0.4349527225301597,0.44653306744254473,0.44635752503772813,0.4537185660781166,0.456767401626974,0.4616062533527473,0.46321158028950715,0.4518781594796826,0.009965706634400263
ITC,,,,,,,,,,,,,,,,,,,,,,,,,,0.17471409168749877,0.22981578139392078,0.23028548866769832,0.22376313177201723,0.22137399601503982,0.21599049790723499,0.023391359643137117
ITF,,,,,,,,,,,,,,,,,,,,,,,,,,0.3019998818967384,0.28263125575683146,0.2877621331091709,0.2942616298432756,0.29504684447893875,0.292340349016991,0.0074086025333224195
ITG,,,,,,,,,,,,,,,,,,,,,,,,,,0.12205644023646899,0.11339576297206018,0.11514752052168707,0.11000779256892868,0.10685367500073374,0.11349223825997574,0.005751232612712243
ITH,,,,,,,,,,,,,,,,,,,,,,,,,,0.23134788627968167,0.22533312864599322,0.21188124486559806,0.21488412999686357,0.22648400635245702,0.2219860792281187,0.008240492701737408
ITI,,,,,,,,,,,,,,,,,,,,,,,,,,0.16988169989961224,0.14882407123119437,0.1549236128358456,0.15708331581891494,0.15024147815283073,0.1561908355876796,0.008359219626335271
LT,1.0,1.0,1.0,1.0,1.0,1.0,1.0,1.0,1.0,1.0,1.0,1.0,1.0,1.0,1.0,1.0,1.0,1.0,1.0,1.0,1.0,1.0,1.0,1.0,1.0,1.0,1.0,1.0,1.0,1.0,1.0,0.0
LU,1.0,1.0,1.0,1.0,1.0,1.0,1.0,1.0,1.0,1.0,1.0,1.0,1.0,1.0,1.0,1.0,1.0,1.0,1.0,1.0,1.0,1.0,1.0,1.0,1.0,1.0,1.0,1.0,1.0,1.0,1.0,0.0
LV,1.0,1.0,1.0,1.0,1.0,1.0,1.0,1.0,1.0,1.0,1.0,1.0,1.0,1.0,1.0,1.0,1.0,1.0,1.0,1.0,1.0,1.0,1.0,1.0,1.0,1.0,1.0,1.0,1.0,1.0,1.0,0.0
ME,1.0,1.0,1.0,1.0,1.0,1.0,1.0,1.0,1.0,1.0,1.0,1.0,1.0,1.0,1.0,1.0,1.0,1.0,1.0,1.0,1.0,1.0,1.0,1.0,1.0,1.0,1.0,1.0,1.0,1.0,1.0,0.0
MK,1.0,1.0,1.0,1.0,1.0,1.0,1.0,1.0,1.0,1.0,1.0,1.0,1.0,1.0,1.0,1.0,1.0,1.0,1.0,1.0,1.0,1.0,1.0,1.0,1.0,1.0,1.0,1.0,1.0,1.0,1.0,0.0
NL,1.0,1.0,1.0,1.0,1.0,1.0,1.0,1.0,1.0,1.0,1.0,1.0,1.0,1.0,1.0,1.0,1.0,1.0,1.0,1.0,1.0,1.0,1.0,1.0,1.0,1.0,1.0,1.0,1.0,1.0,1.0,0.0
NO,1.0,1.0,1.0,1.0,1.0,1.0,1.0,1.0,1.0,1.0,1.0,1.0,1.0,1.0,1.0,1.0,1.0,1.0,1.0,1.0,1.0,1.0,1.0,1.0,1.0,1.0,1.0,1.0,1.0,1.0,1.0,0.0
PL2,,,,,,,,,,,,,,,,,,,,,,,,,0.05688073149355507,0.05655027356594205,0.056011242787454556,0.056827150749802685,0.054440644095153916,0.05613572226002705,0.056140960825322536,0.0009048298589762298
PL4,,,,,,,,,,,,,,,,,,,,,,,,,0.22187025715568284,0.21748159586788965,0.21853168114806154,0.21743751644304132,0.2194778576278134,0.22858272476021393,0.22056360550045037,0.004256580633260665
PL5,,,,,,,,,,,,,,,,,,,,,,,,,0.1114207691156666,0.11270118079314156,0.11564396037998458,0.11406077348066299,0.10294505719739185,0.11313187377160736,0.11165060245640915,0.0044920608420655084
PL6,,,,,,,,,,,,,,,,,,,,,,,,,0.18414928069087874,0.18348220822960903,0.19010040133508097,0.18258879242304657,0.19069469531019814,0.1795053102043868,0.18508678136553336,0.004414327028048948
PL7,,,,,,,,,,,,,,,,,,,,,,,,,0.11064721788760394,0.10921338143479015,0.10827939407861842,0.11484346224677716,0.1084867350729539,0.10832791605049034,0.10996635112853895,0.0025509336733105553
PL8,,,,,,,,,,,,,,,,,,,,,,,,,0.19751341356533633,0.19804576738241994,0.19480291339540284,0.19441199684293609,0.18758438696949897,0.1938398841271712,0.1943663937137942,0.003739170534802279
PL9,,,,,,,,,,,,,,,,,,,,,,,,,0.11751833009127635,0.12252559272620776,0.11663040687539693,0.11983030781373323,0.13637062372698974,0.12047656882610333,0.1222253050099512,0.0072447608953063345
PT11,,,,,,,,,,0.17067713116807215,0.16562735558144318,0.1790822886531662,0.15566855425863863,0.17166692346635556,0.16257129379475962,0.18043133847804976,0.17651774262505343,0.2030108904548366,0.17721173030145673,0.17095998122286116,0.18025638503655617,0.19211666490542112,0.18840730346810797,0.1750055592617301,0.17472843134017896,0.183868105870176,0.18309206716850027,0.18729279449410383,0.17207413487708986,0.1631661092530658,0.17683013265141065,0.010895076217497574
PT15,,,,,,,,,,0.014694831760875014,0.015092852737613925,0.015871102539376406,0.01612157633190801,0.01595826638198587,0.01906170933573481,0.013952062145448968,0.013039760581445061,0.012524023062139653,0.010686271830331521,0.006161248679732425,0.006294875577849907,0.006516608545563423,0.006548175865294667,0.006512278026620922,0.006339353518011027,0.007393168712110011,0.007681914688284114,0.008351168743967434,0.008770034993735687,0.011505016722408027,0.0109083952752589,0.004175240438706916
PT16,,,,,,,,,,0.18047925189947403,0.17232577263071336,0.18416505946640951,0.16472129126699797,0.1697519315005173,0.1625927355375445,0.17296979608524554,0.16812740487387773,0.19023062139654065,0.1688758916614283,0.18269569299378005,0.18156781744860825,0.1947937581457607,0.1900703322592939,0.1873947711172528,0.19027965793904977,0.20571491941446104,0.2115421733256128,0.22703428595408953,0.22590400483863995,0.20258639910813825,0.18732493185063984,0.018689637512235607
PT17,,,,,,,,,,0.019069883944226436,0.019992462139381894,0.017056412729026037,0.022304403097191727,0.022583698355748277,0.02221364552510828,0.026728675831757552,0.02792325780247969,0.03238308776425368,0.03481920795867611,0.026669404999413213,0.02403199895085407,0.030117298953820145,0.03308734365797041,0.02925760030496522,0.030177964143031664,0.030718615998817096,0.030804863925883035,0.031432288388098535,0.035425757117553025,0.03643255295429208,0.027772877359168963,0.005624201690946204
PT18,,,,,,,,,,0.6150789012273524,0.6269615569108477,0.6038251366120219,0.6411841750452637,0.620039180295393,0.6335606158068529,0.6059181274594981,0.614391834117144,0.5618513773222292,0.6084068982481075,0.6135136721042131,0.6078489229861317,0.5764556694494347,0.581886844749333,0.601829791289431,0.5984745930597286,0.5723051900044359,0.5668789808917197,0.5458894624197407,0.5578260681729813,0.5863099219620959,0.5971636628635217,0.02615577106897737
RO11,,,,,,0.10251675769612711,0.11212090093790648,0.10261563048878902,0.10543028460434085,0.09205332538914128,0.09792791741376931,0.09589939840474795,0.09251285176744926,0.10087281638014879,0.10095141723021234,0.10101128920620958,0.09581651964464463,0.10540228114942485,0.08870077856181957,0.08149223558984531,0.09107014261823189,0.08456543083698416,0.08028993178075745,0.08566896602604301,0.08755191523832791,0.09437817801644252,0.09516029441496775,0.0947743239341738,0.0959388132523136,0.09062164087637348,0.0950137616583677,0.007856757156241715
RO12,,,,,,0.07002544687189673,0.0732525501471897,0.06921214614617782,0.06911578413985305,0.06315632680420048,0.06414826760598247,0.06264565293021528,0.0639607292384334,0.06956907736253187,0.06721369300235101,0.06508256361472814,0.06598590778278278,0.06196648258142994,0.06075929447752687,0.06245031307494871,0.058352659237848485,0.05934547152730328,0.054733445071747815,0.055566417057065914,0.05636144210934299,0.057084577732774276,0.056573427974521924,0.05975363295159272,0.059664301584978534,0.055947858325960824,0.0624770987741354,0.005231643874496518
RO21,,,,,,0.14369724428997022,0.1476346956938454,0.13883570422646643,0.14530867325394814,0.14804126014746408,0.14638260851113494,0.14163938280489222,0.14323427314643067,0.14658154436350448,0.14276685090632826,0.1410724575418785,0.14108835397897898,0.14308354792616576,0.1331423230964384,0.12961000022714023,0.13087390120081815,0.12915826926426316,0.13795283462714653,0.12527389427865285,0.12657123386058336,0.13089863612602765,0.13133923838978837,0.12802040227119624,0.12991920201776375,0.12498855991285794,0.1370846036825474,0.007788559606268064
RO22,,,,,,0.1881051390268123,0.19490655165331688,0.19565802174153837,0.18733215100076006,0.19453340284501378,0.19576742031199712,0.19374957306912075,0.19392753988022685,0.17668892766468838,0.17638486989636717,0.17789279516108686,0.1771634916166166,0.19047071368280288,0.20998140432824336,0.21257864730422404,0.21922419966949233,0.21337727734682274,0.21268892613502702,0.22206093917149286,0.21671500761392878,0.21244594401938885,0.20916686246974156,0.20623039168511212,0.20904458429238565,0.20511403299410857,0.19964835258321267,0.014125473723732518
RO31,,,,,,0.21055734856007943,0.1974053535975902,0.21456714717470768,0.21021873152605353,0.21948313100469202,0.2189108039001411,0.2244044016375083,0.22583006518628437,0.20766786422535516,0.21470012241855657,0.22379291415634409,0.2220384446946947,0.22554177786181717,0.23447626029334717,0.24038061131006913,0.2348032923802703,0.23507559097616573,0.2478056633733239,0.23393706887011692,0.23201817791060564,0.22975847988916465,0.22418268153677182,0.22940236743335576,0.2260651895835036,0.22930241489023795,0.22449303617563027,0.011202819340752282
RO32,,,,,,0.011016633565044686,0.010542890395016088,0.010696710286880707,0.011029473862004898,0.011152900871378565,0.010698156380521929,0.011131180171979673,0.01122707880650803,0.010810508442157193,0.011281021612381674,0.010827204566144655,0.009098942692692692,0.009959316707830804,0.00607189942600976,0.0060078590519166844,0.007048582248999649,0.005699706976112141,0.006037182427664079,0.007150761739643661,0.006609147368556402,0.006603694267050253,0.0064988406636540316,0.006646136079299394,0.006462318033478609,0.0065230928253157015,0.008673249578729681,0.002243513730711028
RO41,,,,,,0.14937624131082422,0.13259053878277538,0.14768106080984855,0.15108521239760156,0.1574998138079988,0.15316400185316822,0.15284840339765496,0.15203177168901372,0.15975408845092687,0.1597203047216534,0.16473512474044372,0.16874687187187187,0.15623982674024878,0.15584477891492624,0.15611347925831143,0.14834557693032557,0.15151689145866948,0.14500448423900256,0.15108451067911025,0.15008716065665315,0.14762994454578354,0.15562246252875572,0.15712250986430565,0.15627785686725829,0.14954661364447977,0.15318678120646448,0.00695840158766783
RO42,,,,,,0.1247051886792453,0.13154651879235982,0.1207335791255914,0.12047968921543788,0.11407983913011098,0.11300082402328483,0.117682007583881,0.11727569028565372,0.12805517311068726,0.12698172021214962,0.1155856510131645,0.12006146771771772,0.10733605335027983,0.11102326090168857,0.11136685418354444,0.11028164571401365,0.12126136161367931,0.11548753234533049,0.11925744217787451,0.12408591524200169,0.12120054540336819,0.1214561920217988,0.11805023578096431,0.11662773436831791,0.1379557865306657,0.11942311634091247,0.006976573314525741
RS,1.0,1.0,1.0,1.0,1.0,1.0,1.0,1.0,1.0,1.0,1.0,1.0,1.0,1.0,1.0,1.0,1.0,1.0,1.0,1.0,1.0,1.0,1.0,1.0,1.0,1.0,1.0,1.0,1.0,1.0,1.0,0.0
SE1,,,,,,,,,0.3639694418459619,0.348712167201457,0.3588053385416667,0.36089585284850545,0.361461972588014,0.36083013603069414,,,0.3577886314039281,0.3576738975455749,0.3576738975455749,0.3719577232619025,0.35828764234500216,0.36075693179518314,0.3614627285513361,0.3601666649562299,0.37714430854597314,0.37194769010409,0.3664251303897758,0.368281139865069,0.36931602520306694,0.3693669720075738,0.363146214628829,0.0066320137332081764
SE2,,,,,,,,,0.5367165575304021,0.5459196947359293,0.5340169270833334,0.5429617644554202,0.5445668727044701,0.5448203697244506,,,0.5591811285461914,0.561666157449842,0.561666157449842,0.5474643653641036,0.560628426824125,0.5613236187006679,0.5621860558569419,0.5621350355599798,0.5449669805791099,0.5550715680215047,0.5551220289047258,0.5511126774745746,0.556668944052228,0.5531446701806458,0.5520670000599245,0.008890410922204958
SE3,,,,,,,,,0.09931400062363578,0.10536813806261383,0.107177734375,0.09614238269607425,0.09397115470751591,0.09434949424485525,,,0.0830302400498805,0.08065994500458294,0.08065994500458294,0.08057791137399399,0.08108393083087306,0.07791944950414896,0.07635121559172191,0.07769829948379017,0.07788871087491696,0.07298074187440524,0.07845284070549825,0.08060618266035646,0.07401503074470508,0.07748835781178035,0.08478678531124659,0.010492435922044779
SI,1.0,1.0,1.0,1.0,1.0,1.0,1.0,1.0,1.0,1.0,1.0,1.0,1.0,1.0,1.0,1.0,1.0,1.0,1.0,1.0,1.0,1.0,1.0,1.0,1.0,1.0,1.0,1.0,1.0,1.0,1.0,0.0
SK,1.0,1.0,1.0,1.0,1.0,1.0,1.0,1.0,1.0,1.0,1.0,1.0,1.0,1.0,1.0,1.0,1.0,1.0,1.0,1.0,1.0,1.0,1.0,1.0,1.0,1.0,1.0,1.0,1.0,1.0,1.0,0.0
UKC,,,,,,,,0.03705325858444288,0.037487132563193415,0.035611808965121464,0.03713004484304933,0.03650313880492909,0.03688967027543876,0.03747095591844749,0.036669115533267314,,,,,,0.037603993344425955,0.036783854166666664,0.03727301688435808,0.03834710743801653,0.03807426054122089,0.03765084473049075,0.037723785166240406,0.03773584905660377,0.038475171591531604,0.038339365260463915,0.037379020759328245,0.0007317342263519097
UKD,,,,,,,,0.021840691427236623,0.022131991307331584,0.022412803672766688,0.02137518684603887,0.02484472049689441,0.021375034699731656,0.023627973950322352,0.025713099306864277,,,,,,0.02529118136439268,0.026041666666666668,0.026122969098438992,0.02975206611570248,0.026746381371932033,0.027674979887369267,0.026854219948849106,0.02610062893081761,0.02623014210678955,0.025056656473177407,0.024955132981740128,0.0023632376176011055
UKE,,,,,,,,0.11618196683017984,0.11523504517900035,0.11506089396161447,0.11545590433482811,0.11366127478659448,0.1151722648900404,0.1174853552377524,0.11735394640176317,,,,,,0.11813643926788686,0.1171875,0.11819050653074227,0.11702479338842975,0.11988672120830711,0.12003218020917136,0.11732736572890026,0.11761006289308176,0.11816453452776078,0.11699756540822275,0.11700912893245981,0.0016606695245201099
UKF,,,,,,,,0.1523300630693763,0.1516927827976667,0.14920614678314095,0.15300448430493277,0.14368751453150433,0.1526479750778816,0.14939293778839546,0.15169131504136454,,,,,,0.1480865224625624,0.146484375,0.14622491239248167,0.1385123966942149,0.14568911264946507,0.14448913917940467,0.14769820971867006,0.14654088050314465,0.1476815003383495,0.14994404491369825,0.14805579518034745,0.0037087682717013033
UKG,,,,,,,,0.07486568558747954,0.07660414045522132,0.07594210291398328,0.07626307922272049,0.07430165742186202,0.07649363067147837,0.07549824917367542,0.07573386143673938,,,,,,0.07886855241264559,0.07747395833333333,0.07805033450143357,0.07702479338842975,0.07929515418502203,0.07755430410297667,0.0792838874680307,0.0779874213836478,0.07901266393838817,0.07875171839784534,0.07716695527749516,0.0015524875138926892
UKH,,,,,,,,0.21583742116327959,0.2136280452933776,0.21421284193075302,0.21638266068759343,0.21101404988873018,0.2176058727368064,0.21523709788264558,0.21477624812342286,,,,,,0.21331114808652246,0.21256510416666666,0.21089518955081235,0.20231404958677687,0.2092511013215859,0.21399839098954143,0.21355498721227623,0.21477987421383649,0.21245126156027455,0.21485506229874093,0.2131483559274246,0.0033907781814236054
UKJ,,,,,,,,0.1131452931558047,0.11606427999542492,0.11305234967799528,0.11647234678624815,0.1122330355066928,0.11282810524043059,0.11025296985960664,0.10780336665921358,,,,,,0.10815307820299501,0.10709635416666667,0.10767760433259,0.10876033057851239,0.10761485210824417,0.10667739340305712,0.10997442455242967,0.11226415094339623,0.1114619920729546,0.11360908748008841,0.11084116748457505,0.0030563853583658223
UKK,,,,,,,,0.10064821303433776,0.10233901406839757,0.10342408977874129,0.10343796711509717,0.11053907729099546,0.10372906449523457,0.10233334424190857,0.10266074679784072,,,,,,0.09983361064891846,0.1005859375,0.10098757566103855,0.11074380165289256,0.10226557583385777,0.10233306516492358,0.10326086956521739,0.10283018867924529,0.10298714271904104,0.10155770231894089,0.1031387214759238,0.0029401212737096313
UKL,,,,,,,,0.01562135015183368,0.015212169735788632,0.014952496333609639,0.013781763826606877,0.013917029262297804,0.013972425279911169,0.014072062047975915,0.014182131791612098,,,,,,0.016306156405990018,0.017903645833333332,0.016884358075820324,0.013553719008264463,0.015103838892385148,0.016090104585679808,0.015664961636828643,0.015723270440251572,0.016466342280797863,0.015274647514129049,0.01526013739461756,0.001203617283820439
UKM,,,,,,,,0.13910301331464608,0.13673796179800984,0.14276605241344129,0.1345291479820628,0.14617862955458866,0.13753431417908146,0.14219327813594268,0.14111859967419427,,,,,,0.14176372712146423,0.1455078125,0.14590633959859828,0.15206611570247933,0.14537444933920704,0.1428801287208367,0.13810741687979539,0.13836477987421383,0.13749879160893244,0.13630596677608303,0.14132980695408767,0.004503416400292249
UKN,,,,,,,,0.01337304368138285,0.012867436806588129,0.013358413568832491,0.012167414050822126,0.013119872454910819,0.011751642453965023,0.012435775763327552,0.012297569233717697,,,,,,0.01264559068219634,0.012369791666666666,0.011787193373685887,0.011900826446280991,0.010698552548772814,0.010619469026548672,0.010549872122762148,0.010062893081761006,0.00957045725517997,0.009308183158610069,0.011715777632000626,0.0012802405162164758
